/* ENDEREÇO */
USE ACADEMIA
GO

INSERT INTO ENDERECO VALUES('1973 Charmaine Lane', '349', NULL, 'Ianetama1', 'Castanhal', 'PA') 
GO
INSERT INTO ENDERECO VALUES('Rua Aguaí', '680', '1º Andar', 'Vila São Carlos', 'Mogi Guaçu', 'SP') 
GO
INSERT INTO ENDERECO VALUES('Rua dos Andradas', '243', NULL, 'Vila Goulart', 'Rondonópolis', 'MT') 
GO
INSERT INTO ENDERECO VALUES('Rua Messias da Silveira', '398', NULL, 'Alto da Boa Vista', 'Gurupi', 'TO') 
GO
INSERT INTO ENDERECO VALUES('Rua Frei Henrique', '369', 'Apartamento ', 'Trincheiras', 'João Pessoa', 'PB') 
GO
INSERT INTO ENDERECO VALUES('Quadra 117', '255', 'Casa', 'Parque Estrela Dalva', 'Luziânia', 'GO') 
GO
INSERT INTO ENDERECO VALUES('Rua Azulão', '314', NULL, 'Agamenon Magalhães', 'Igarassu', 'PE') 
GO
INSERT INTO ENDERECO VALUES('Avenida Henriqueta Rios', '908', NULL, 'Jardim Atlântico Leste', 'Maricá', 'RJ') 
GO
INSERT INTO ENDERECO VALUES('Rua Jerônimo Barros', '369', 'Casa', 'Arenoso', 'Salvador', 'BA') 
GO
INSERT INTO ENDERECO VALUES('Rua Genésio de Pace', '236', 'Casa', 'Residencial Cidade Jardim', 'São José do Rio Preto', 'SP') 
GO
INSERT INTO ENDERECO VALUES('Rua João Ciríaco da Costa', '254', 'Casa C', 'Dom Bosco', 'São João Del Rei', 'MG') 
GO
INSERT INTO ENDERECO VALUES('Avenida Bahia', '671', 'Apartamento', 'Pacoval', 'Macapá', 'AP') 
GO
INSERT INTO ENDERECO VALUES('Avenida Recife', '891', 'Apartamento', 'IPSEP', 'Recife', 'PE') 
GO
INSERT INTO ENDERECO VALUES('Avenida Encanta Moça', '1895', 'Casa', 'Pina', 'Recife', 'PE') 
GO
INSERT INTO ENDERECO VALUES('Rua Bom Jesus', '19', 'Casa B', 'Brasilia Teimosa', 'Recife', 'PE') 
GO


/* PESSOA */
INSERT INTO PESSOA VALUES('265.416.453-53','Bruna Rodrigues', '1994/08/18', '19.289.219-8', '123458', NULL, 3) 
GO
INSERT INTO PESSOA VALUES('801.951.377-95','Tiago Julio', '1977/12/09', '45.228.475-2', '123458', 1, 2) 
GO
INSERT INTO PESSOA VALUES('434.811.385-80','Diego Lucca', '1991/11/14', '14.007.745-5', '123458', 1, 1) 
GO
INSERT INTO PESSOA VALUES('449.531.677-08','Carlos Eduardo', '1987/01/06', '42.746.969-7', '123458', NULL, 10) 
GO
INSERT INTO PESSOA VALUES('859.067.296-40','Enzo Sérgio', '1983/04/03', '29.012.208-9', '123458', 0, 5) 
GO
INSERT INTO PESSOA VALUES('497.696.385-36','Giovanna Gabriela', '1978/08/15', '29.817.944-1', '123458', NULL, 6) 
GO
INSERT INTO PESSOA VALUES('808.451.861-59','Lorena Aline', '1946/02/05', '29.935.184-1', '123458', 1, 7) 
GO
INSERT INTO PESSOA VALUES('352.683.783-09','Allana Mariah', '1990/01/13', '39.862.922-5', '123458', 0, 8) 
GO
INSERT INTO PESSOA VALUES('355.124.259-35','Valentina Sarah', '1956/03/06', '35.841.700-4', '123458', 0, 9) 
GO
INSERT INTO PESSOA VALUES('899.769.023-01','Gael César', '1952/02/02', '32.101.721-3', '123458', 1, 4) 
GO
INSERT INTO PESSOA VALUES('397.117.498-15','Márcia Alícia', '1984/01/17', '33.638.039-2', '123458', NULL, 14) 
GO
INSERT INTO PESSOA VALUES('111.687.438-50','Rosângela Analu', '1950/07/11', '35.678.466-6', '123458', 1, 15) 
GO
INSERT INTO PESSOA VALUES('606.083.608-99','Pedro Henrique Daniel Assis', '1995/06/05', '18.243.596-9', '123458', NULL, 13) 
GO
INSERT INTO PESSOA VALUES('471.115.649-60','Vera Francisca Cecília Ribeiro', '1995/07/23', '41.753.554-5', '123458', NULL, 11) 
GO
INSERT INTO PESSOA VALUES('503.770.306-94','Stefany Isadora Andreia Figueiredo', '1995/11/20', '35.533.926-2', '123458', NULL, 12) 
GO


/* TELEFONE */
INSERT INTO TELEFONE VALUES('(17) 99649-6225', '497.696.385-36') 
GO
INSERT INTO TELEFONE VALUES('(11) 98207-1855', '265.416.453-53') 
GO
INSERT INTO TELEFONE VALUES('(12) 98537-7458', '397.117.498-15') 
GO
INSERT INTO TELEFONE VALUES('(81) 98215-1871', '434.811.385-80') 
GO
INSERT INTO TELEFONE VALUES('(11) 99975-9599', '111.687.438-50') 
GO
INSERT INTO TELEFONE VALUES('(98) 99239-8940', '352.683.783-09') 
GO
INSERT INTO TELEFONE VALUES('(21) 99441-4307', '808.451.861-59') 
GO
INSERT INTO TELEFONE VALUES('(19) 99132-3350', '355.124.259-35') 
GO
INSERT INTO TELEFONE VALUES('(61) 99894-1455', '899.769.023-01') 
GO
INSERT INTO TELEFONE VALUES('(32) 98266-6352', '606.083.608-99') 
GO
INSERT INTO TELEFONE VALUES('(17) 99715-6003', '471.115.649-60') 
GO
INSERT INTO TELEFONE VALUES('(96) 98644-5235', '503.770.306-94') 
GO
INSERT INTO TELEFONE VALUES('(81) 98742-2598', '801.951.377-95')


/* INSTRUTOR */
INSERT INTO INSTRUTOR VALUES('Licenciatura e Bacharelado em educação física', 'Ativo', '2010/07/12', NULL, '1200,00', '265.416.453-53') 
GO
INSERT INTO INSTRUTOR VALUES('Bacharelado em educação física', 'Férias', '2008/02/18', NULL, '1200,00', '449.531.677-08') 
GO
INSERT INTO INSTRUTOR VALUES('Licenciatura em educação física', 'Ativo', '2014/09/21', NULL, '1200,00', '497.696.385-36') 
GO
INSERT INTO INSTRUTOR VALUES('Doutor em alto rendimento', 'Ativo', '2011/01/04', NULL, '3200,00', '397.117.498-15') 
GO
INSERT INTO INSTRUTOR VALUES('Mestre em educação física', 'Ativo', '2016/08/19', NULL, '2000,00', '606.083.608-99') 
GO

/* PACOTE */
INSERT INTO PACOTE VALUES(50, 'Bronze', 'Aluno tem direito à alunas em uma unica turma', '2020/08/11', '2020/09/11') 
GO
INSERT INTO PACOTE VALUES(110, 'Ouro', 'Aluno tem direito à turmas ilimitadas e acompanhamento de evolução', '2019/03/04', '2019/04/04') 
GO
INSERT INTO PACOTE VALUES(50, 'Bronze', 'Aluno tem direito à alunas em uma unica turma', '2020/02/28', '2020/03/28') 
GO
INSERT INTO PACOTE VALUES(50, 'Bronze', 'Aluno tem direito à alunas em uma unica turma', '2020/09/15', '2020/10/15') 
GO
INSERT INTO PACOTE VALUES(50, 'Bronze', 'Aluno tem direito à alunas em uma unica turma', '2019/12/07', '2020/01/07') 
GO
INSERT INTO PACOTE VALUES(75, 'Prata', 'Aluno tem direito à 3 turmas e acompanhamento de evolução', '2019/04/19', '2019/05/19') 
GO
INSERT INTO PACOTE VALUES(110, 'Ouro', 'Aluno tem direito à turmas ilimitadas e acompanhamento de evolução', '2019/03/04', '2019/04/04') 
GO
INSERT INTO PACOTE VALUES(50, 'Bronze', 'Aluno tem direito à alunas em uma unica turma', '2019/11/06', '2019/12/06') 
GO
INSERT INTO PACOTE VALUES(75, 'Prata', 'Aluno tem direito à 3 turmas e acompanhamento de evolução', '2020/10/12', '2020/11/12') 
GO
INSERT INTO PACOTE VALUES(110, 'Ouro', 'Aluno tem direito à turmas ilimitadas e acompanhamento de evolução', '2020/09/17', '2021/09/17') 
GO


/* ALUNO */
INSERT INTO ALUNO VALUES('2020/05/15', 1.79, 75.0, 1, '859.067.296-40', 1)
GO                       
INSERT INTO ALUNO VALUES('2020/02/05', 2.01, 98.2, 0, '352.683.783-09', 2)
GO                       
INSERT INTO ALUNO VALUES('2020/03/08', 1.83, 43.4, 1, '801.951.377-95', 4)
GO                       
INSERT INTO ALUNO VALUES('2020/02/13', 1.73, 63.3, 1, '808.451.861-59', 6)
GO                       
INSERT INTO ALUNO VALUES('2020/09/01', 1.68, 57.7, 1, '355.124.259-35', 8)
GO                      
INSERT INTO ALUNO VALUES('2020/06/08', 1.75, 86.4, 0, '434.811.385-80', 5)
GO
INSERT INTO ALUNO VALUES('2020/04/30', 1.75, 86.4, 1, '899.769.023-01', 3)
GO
INSERT INTO ALUNO VALUES('2019/07/25', 1.55, 82.8, 1, '111.687.438-50', 7)
GO
INSERT INTO ALUNO VALUES('2020/10/12', 1.84, 75.1, 1, '471.115.649-60', 9)
GO
INSERT INTO ALUNO VALUES('2020/09/07', 1.75, 60.0, 1, '503.770.306-94', 10)
GO

/* ATIVIDADE */
INSERT INTO ATIVIDADE VALUES('Zumba', 0)
GO
INSERT INTO ATIVIDADE VALUES('Musculação', 1)
GO
INSERT INTO ATIVIDADE VALUES('Aeróbica', 1)
GO
INSERT INTO ATIVIDADE VALUES('Natação', 1) 
GO


/* TURMA */
INSERT INTO TURMA VALUES(10, '09:30', '2020/02/02', '2020/04/02', 'idoso', 0, 1, 4, 1001)     
GO
INSERT INTO TURMA VALUES(20, '08:00', '2020/05/19', '2020/07/20', 'infantil', 1, 3, 1, 1000)
GO
INSERT INTO TURMA VALUES(14, '19:30', '2020/09/05', '2020/11/17', 'jovem', 1, 2, 3, 1004)    
GO
INSERT INTO TURMA VALUES(8, '07:00', '2020/10/04', '2020/12/04', 'jovem', 0, 4, 5, 1009)     
GO

/* ALUNO_TURMA */
INSERT INTO ALUNO_TURMA VALUES(1002, 1) --1
GO
INSERT INTO ALUNO_TURMA VALUES(1003, 1) --2
GO
INSERT INTO ALUNO_TURMA VALUES(1000, 3) --6 - 3
GO
INSERT INTO ALUNO_TURMA VALUES(1004, 3) --7 - 4
GO
INSERT INTO ALUNO_TURMA VALUES(1006, 1) --12 - 5
GO
INSERT INTO ALUNO_TURMA VALUES(1005, 1) --13 - 6
GO
INSERT INTO ALUNO_TURMA VALUES(1007, 3) --14 - 7
GO
INSERT INTO ALUNO_TURMA VALUES(1008, 4) --14 - 7
GO
INSERT INTO ALUNO_TURMA VALUES(1009, 4) --14 - 7
GO
INSERT INTO ALUNO_TURMA VALUES(1001, 3) --14 - 7
GO

/* FREQUENCIA  */
INSERT INTO FREQUENCIA VALUES('2020/02/05', 'Cachorro mordeu a avó', 6)
GO
INSERT INTO FREQUENCIA VALUES('2020/02/25', 'Arrancou o tampão do dedo', 1)
GO 
INSERT INTO FREQUENCIA VALUES('2020/09/20', 'Por que quis', 7)
GO
INSERT INTO FREQUENCIA VALUES('2020/03/01', NULL, 1)
GO
INSERT INTO FREQUENCIA VALUES('2020/04/02', 'Viajou', 1)
GO
INSERT INTO FREQUENCIA VALUES('2020/10/23', NULL, 4)
GO
INSERT INTO FREQUENCIA VALUES('2020/10/22', NULL, 4)
GO
INSERT INTO FREQUENCIA VALUES('2020/10/22', 'Quebrou a mão', 7)
GO
INSERT INTO FREQUENCIA VALUES('2020/02/08', 'Adoeceu',6)
GO
INSERT INTO FREQUENCIA VALUES('2020/02/29', NULL, 5)
GO
INSERT INTO FREQUENCIA VALUES('2020/03/02', 'Foi no médico', 1)
GO
INSERT INTO FREQUENCIA VALUES('2020/02/06', NULL, 1)
GO



